time_period,area_gnrl_country_ha,climate_change_factor_gnrl_hydropower_availability,elasticity_gnrl_rate_occupancy_to_gdppc,frac_gnrl_eating_red_meat,gdp_mmm_usd,limit_gnrl_annual_emissions_mt_ch4,limit_gnrl_annual_emissions_mt_co2,limit_gnrl_annual_emissions_mt_n2o,occrateinit_gnrl_occupancy,population_gnrl_rural,population_gnrl_urban,va_commercial_mmm_usd,va_industrial_mmm_usd,va_manufacturing_mmm_usd,va_mining_mmm_usd
0,5113100.0,1.0,-0.1,1.0,54.82991961,-999.0,-999.0,-999.0,3.145207224,1939122.0,2908682.0,38.83107386,10.64896106,6.239061372,2.954671495
1,5113100.0,1.0,-0.1,0.99,57.15799243,-999.0,-999.0,-999.0,3.145207224,1935241.0,2964104.0,40.7395256,10.93995588,6.518427514,3.080126548
2,5113100.0,1.0,-0.1,0.98,59.09975329,-999.0,-999.0,-999.0,3.145207224,1930482.0,3019472.0,42.25398672,11.22497854,6.936925587999999,3.183768001
3,5113100.0,1.0,-0.1,0.97,60.65643192,-999.0,-999.0,-999.0,3.145207224,1924785.0,3074656.0,43.09221382,11.80920172,7.196583448999999,3.266669999
4,5113100.0,1.0,-0.1,0.96,62.43010326,-999.0,-999.0,-999.0,3.145207224,1917502.0,3128555.0,44.39106086,12.14492665,7.402811149,3.361588594
5,5113100.0,1.0,-0.1,0.95,64.18828134,-999.0,-999.0,-999.0,3.145207224,1909226.0,3182044.0,45.67741973,12.47977591,7.607812281,3.455923617
6,5113100.0,1.0,-0.1,0.94,66.12371693,-999.0,-999.0,-999.0,3.145207224,1899964.0,3235075.0,47.09170214,12.84997243,7.833481796,3.560140589
7,5113100.0,1.0,-0.1,0.93,68.18433178,-999.0,-999.0,-999.0,3.145207224,1889752.0,3287652.0,48.59598329,13.2460467,8.074160761,3.67142209
8,5113100.0,1.0,-0.1,0.92,70.45918688,-999.0,-999.0,-999.0,3.145207224,1878616.0,3339763.0,50.25520448,13.68496934,8.340166596,3.794604334
9,5113100.0,1.0,-0.1,0.91,72.95089139,-999.0,-999.0,-999.0,3.145207224,1866592.0,3391415.0,52.07124644,14.16767585,8.632126083,3.929847167
10,5113100.0,1.0,-0.1,0.9,75.53079502,-999.0,-999.0,-999.0,3.145207224,1853714.0,3442611.0,53.95028727,14.67048758,8.935810938,4.07019666
11,5113100.0,1.0,-0.1,0.89,78.20202249,-999.0,-999.0,-999.0,3.145207224,1840003.0,3493338.0,55.89469218,15.19425785,9.251868678,4.215823087
12,5113100.0,1.0,-0.1,0.88,80.96780859999998,-999.0,-999.0,-999.0,3.145207224,1825469.0,3543557.0,57.90688651,15.73988515,9.580973605,4.366906548
13,5113100.0,1.0,-0.1,0.87,83.83150208,-999.0,-999.0,-999.0,3.145207224,1810127.0,3593238.0,59.98936838,16.30831534,9.923833127,4.5236353
14,5113100.0,1.0,-0.1,0.86,86.79656948,-999.0,-999.0,-999.0,3.145207224,1793994.0,3642352.0,62.14470074,16.9005455,10.28118606,4.686207257
15,5113100.0,1.0,-0.1,0.85,89.86659940000001,-999.0,-999.0,-999.0,3.145207224,1777085.0,3690869.0,64.37550593,17.51762663,10.65380161,4.854831048
16,5113100.0,1.0,-0.1,0.84,93.04530679999999,-999.0,-999.0,-999.0,3.145207224,1759419.0,3738764.0,66.68447044,18.16066381,11.04248122,5.029725587
17,5113100.0,1.0,-0.1,0.83,96.33653732,-999.0,-999.0,-999.0,3.145207224,1741025.0,3786038.0,69.07436058,18.83081376,11.44806257,5.211118257
18,5113100.0,1.0,-0.1,0.82,99.74427207,-999.0,-999.0,-999.0,3.145207224,1721923.0,3832667.0,71.54799061,19.52929278,11.87141183,5.399249713
19,5113100.0,1.0,-0.1,0.81,103.2726323,-999.0,-999.0,-999.0,3.145207224,1702153.0,3878676.0,74.10827634,20.25736572,12.31343688,5.594366965
20,5113100.0,1.0,-0.1,0.8,106.9258845,-999.0,-999.0,-999.0,3.145207224,1681739.0,3924057.0,76.75818214,21.01636007,12.77507543,5.796731138999999
21,5113100.0,1.0,-0.1,0.79,110.7084456,-999.0,-999.0,-999.0,3.145207224,1674776.0,3954723.0,79.50074256,21.80766246,13.25730139,6.006614932000001
22,5113100.0,1.0,-0.1,0.78,114.6248886,-999.0,-999.0,-999.0,3.145207224,1667323.0,3984621.0,82.33907012,22.63271908,13.76112757,6.224302253999999
23,5113100.0,1.0,-0.1,0.77,118.6799475,-999.0,-999.0,-999.0,3.145207224,1659388.0,4013735.0,85.27635393,23.49303873,14.28760694,6.450089021
24,5113100.0,1.0,-0.1,0.76,122.8785235,-999.0,-999.0,-999.0,3.145207224,1650984.0,4042064.0,88.3158834,24.39018952,14.83783832,6.68428089
25,5113100.0,1.0,-0.1,0.75,127.2256909,-999.0,-999.0,-999.0,3.145207224,1642122.0,4069605.0,91.46103932,25.32580491,15.41296606,6.927195331
26,5113100.0,1.0,-0.1,0.74,131.7267032,-999.0,-999.0,-999.0,3.145207224,1632809.0,4096345.0,94.71529351,26.3015873,16.01418179,7.179162458
27,5113100.0,1.0,-0.1,0.73,136.3869992,-999.0,-999.0,-999.0,3.145207224,1623058.0,4122279.0,98.08223058,27.31930573,16.64272962,7.440523291
28,5113100.0,1.0,-0.1,0.72,141.2122101,-999.0,-999.0,-999.0,3.145207224,1612873.0,4147386.0,101.5655288,28.38080567,17.29990504,7.711633128
29,5113100.0,1.0,-0.1,0.71,146.2081664,-999.0,-999.0,-999.0,3.145207224,1602249.0,4171623.0,105.1689578,29.48801404,17.98705684,7.992862845
30,5113100.0,1.0,-0.1,0.7,151.3809042,-999.0,-999.0,-999.0,3.145207224,1591194.0,4194965.0,108.8964306,30.64292727,18.7055965,8.284593465
31,5113100.0,1.0,-0.1,0.7,156.7366727,-999.0,-999.0,-999.0,3.145207224,1579717.0,4217411.0,112.7520034,31.84761623,19.45699951,8.587217436
32,5113100.0,1.0,-0.1,0.7,162.2819423,-999.0,-999.0,-999.0,3.145207224,1567831.0,4238952.0,116.7398659,33.10423441,20.24280569,8.901141124
33,5113100.0,1.0,-0.1,0.7,168.0234115,-999.0,-999.0,-999.0,3.145207224,1555549.0,4259587.0,120.8643507,34.41501926,21.0646224,9.226784771
34,5113100.0,1.0,-0.1,0.7,173.9680161,-999.0,-999.0,-999.0,3.145207224,1542882.0,4279316.0,125.1299356,35.78229664,21.92412658,9.564583555
35,5113100.0,1.0,-0.1,0.7,180.1229363,-999.0,-999.0,-999.0,3.145207224,1529843.0,4298132.0,129.5412485,37.20848398,22.82306754,9.914988205
