ipcc_categories_level_0,ipcc_categories_level_1,ipcc_categories_level_2,ipcc_categories_level_3,ipcc_categories_level_4,ipcc_categories_level_5,gas,ipcc_crt_code,sisepuede_fields
1 - Energy,1.A - Fuel Combustion Activities,1.A.1 - Energy Industries,1.A.1.a. Public electricity and heat production,1.A.1.a.i - Electricity Generation,,ch4,1.A.1.a.i,emission_co2e_ch4_entc_generation_pp_biogas|emission_co2e_ch4_entc_generation_pp_biomass|emission_co2e_ch4_entc_generation_pp_coal|emission_co2e_ch4_entc_generation_pp_coal_ccs|emission_co2e_ch4_entc_generation_pp_gas|emission_co2e_ch4_entc_generation_pp_gas_ccs|emission_co2e_ch4_entc_generation_pp_geothermal|emission_co2e_ch4_entc_generation_pp_hydropower|emission_co2e_ch4_entc_generation_pp_nuclear|emission_co2e_ch4_entc_generation_pp_ocean|emission_co2e_ch4_entc_generation_pp_oil|emission_co2e_ch4_entc_generation_pp_solar|emission_co2e_ch4_entc_generation_pp_waste_incineration|emission_co2e_ch4_entc_generation_pp_wind
1 - Energy,1.A - Fuel Combustion Activities,1.A.1 - Energy Industries,1.A.1.a. Public electricity and heat production,1.A.1.a.i - Electricity Generation,,co2,1.A.1.a.i,emission_co2e_co2_entc_generation_pp_biogas|emission_co2e_co2_entc_generation_pp_coal|emission_co2e_co2_entc_generation_pp_coal_ccs|emission_co2e_co2_entc_generation_pp_gas|emission_co2e_co2_entc_generation_pp_gas_ccs|emission_co2e_co2_entc_generation_pp_geothermal|emission_co2e_co2_entc_generation_pp_hydropower|emission_co2e_co2_entc_generation_pp_nuclear|emission_co2e_co2_entc_generation_pp_ocean|emission_co2e_co2_entc_generation_pp_oil|emission_co2e_co2_entc_generation_pp_solar|emission_co2e_co2_entc_generation_pp_waste_incineration|emission_co2e_co2_entc_generation_pp_wind
1 - Energy,1.A - Fuel Combustion Activities,1.A.1 - Energy Industries,1.A.1.a. Public electricity and heat production,1.A.1.a.i - Electricity Generation,,n2o,1.A.1.a.i,emission_co2e_n2o_entc_generation_pp_biogas|emission_co2e_n2o_entc_generation_pp_biomass|emission_co2e_n2o_entc_generation_pp_coal|emission_co2e_n2o_entc_generation_pp_coal_ccs|emission_co2e_n2o_entc_generation_pp_gas|emission_co2e_n2o_entc_generation_pp_gas_ccs|emission_co2e_n2o_entc_generation_pp_geothermal|emission_co2e_n2o_entc_generation_pp_hydropower|emission_co2e_n2o_entc_generation_pp_nuclear|emission_co2e_n2o_entc_generation_pp_ocean|emission_co2e_n2o_entc_generation_pp_oil|emission_co2e_n2o_entc_generation_pp_solar|emission_co2e_n2o_entc_generation_pp_waste_incineration|emission_co2e_n2o_entc_generation_pp_wind
1 - Energy,1.A - Fuel Combustion Activities,1.A.1 - Energy Industries,1.A.1.a. Public electricity and heat production,1.A.1.a.ii - Combined Heat and Power Generation (CHP),,ch4,1.A.1.a.ii,
1 - Energy,1.A - Fuel Combustion Activities,1.A.1 - Energy Industries,1.A.1.a. Public electricity and heat production,1.A.1.a.ii - Combined Heat and Power Generation (CHP),,co2,1.A.1.a.ii,
1 - Energy,1.A - Fuel Combustion Activities,1.A.1 - Energy Industries,1.A.1.a. Public electricity and heat production,1.A.1.a.ii - Combined Heat and Power Generation (CHP),,n2o,1.A.1.a.ii,
1 - Energy,1.A - Fuel Combustion Activities,1.A.1 - Energy Industries,1.A.1.a. Public electricity and heat production,1.A.1.a.iii - Heat Plants,,ch4,1.A.1.a.iii,
1 - Energy,1.A - Fuel Combustion Activities,1.A.1 - Energy Industries,1.A.1.a. Public electricity and heat production,1.A.1.a.iii - Heat Plants,,co2,1.A.1.a.iii,
1 - Energy,1.A - Fuel Combustion Activities,1.A.1 - Energy Industries,1.A.1.a. Public electricity and heat production,1.A.1.a.iii - Heat Plants,,n2o,1.A.1.a.iii,
1 - Energy,1.A - Fuel Combustion Activities,1.A.1 - Energy Industries,1.A.1.b. Petroleum refining,,,ch4,1.A.1.b,emission_co2e_ch4_entc_processing_and_refinement_fp_petroleum_refinement
1 - Energy,1.A - Fuel Combustion Activities,1.A.1 - Energy Industries,1.A.1.b. Petroleum refining,,,co2,1.A.1.b,emission_co2e_co2_entc_nbmass_processing_and_refinement_fp_petroleum_refinement
1 - Energy,1.A - Fuel Combustion Activities,1.A.1 - Energy Industries,1.A.1.b. Petroleum refining,,,n2o,1.A.1.b,emission_co2e_n2o_entc_processing_and_refinement_fp_petroleum_refinement
1 - Energy,1.A - Fuel Combustion Activities,1.A.1 - Energy Industries,1.A.1.c. Manufacture of solid fuels and other energy industries,1.A.1.c.i - Manufacture of Solid Fuels,,ch4,1.A.1.c.i,emission_co2e_ch4_entc_fuel_mining_and_extraction_me_coal
1 - Energy,1.A - Fuel Combustion Activities,1.A.1 - Energy Industries,1.A.1.c. Manufacture of solid fuels and other energy industries,1.A.1.c.i - Manufacture of Solid Fuels,,co2,1.A.1.c.i,emission_co2e_co2_entc_mining_and_extraction_me_coal
1 - Energy,1.A - Fuel Combustion Activities,1.A.1 - Energy Industries,1.A.1.c. Manufacture of solid fuels and other energy industries,1.A.1.c.i - Manufacture of Solid Fuels,,n2o,1.A.1.c.i,emission_co2e_n2o_entc_fuel_mining_and_extraction_me_coal
1 - Energy,1.A - Fuel Combustion Activities,1.A.1 - Energy Industries,1.A.1.c. Manufacture of solid fuels and other energy industries,1.A.1.c.ii - Other Energy Industries,,ch4,1.A.1.c.ii,emission_co2e_ch4_entc_fuel_mining_and_extraction_me_crude|emission_co2e_ch4_entc_fuel_mining_and_extraction_me_natural_gas|emission_co2e_ch4_entc_processing_and_refinement_fp_hydrogen_electrolysis|emission_co2e_ch4_entc_processing_and_refinement_fp_hydrogen_gasification|emission_co2e_ch4_entc_processing_and_refinement_fp_hydrogen_reformation|emission_co2e_ch4_entc_processing_and_refinement_fp_hydrogen_reformation_ccs|emission_co2e_ch4_entc_processing_and_refinement_fp_natural_gas|emission_co2e_ch4_entc_processing_and_refinement_fp_natural_gas_liquefaction
1 - Energy,1.A - Fuel Combustion Activities,1.A.1 - Energy Industries,1.A.1.c. Manufacture of solid fuels and other energy industries,1.A.1.c.ii - Other Energy Industries,,co2,1.A.1.c.ii,emission_co2e_co2_entc_mining_and_extraction_me_crude|emission_co2e_co2_entc_mining_and_extraction_me_natural_gas|emission_co2e_co2_entc_nbmass_processing_and_refinement_fp_hydrogen_electrolysis|emission_co2e_co2_entc_nbmass_processing_and_refinement_fp_hydrogen_gasification|emission_co2e_co2_entc_nbmass_processing_and_refinement_fp_hydrogen_reformation|emission_co2e_co2_entc_nbmass_processing_and_refinement_fp_hydrogen_reformation_ccs|emission_co2e_co2_entc_nbmass_processing_and_refinement_fp_natural_gas|emission_co2e_co2_entc_nbmass_processing_and_refinement_fp_natural_gas_liquefaction
1 - Energy,1.A - Fuel Combustion Activities,1.A.1 - Energy Industries,1.A.1.c. Manufacture of solid fuels and other energy industries,1.A.1.c.ii - Other Energy Industries,,n2o,1.A.1.c.ii,emission_co2e_n2o_entc_fuel_mining_and_extraction_me_crude|emission_co2e_n2o_entc_fuel_mining_and_extraction_me_natural_gas|emission_co2e_n2o_entc_processing_and_refinement_fp_hydrogen_electrolysis|emission_co2e_n2o_entc_processing_and_refinement_fp_hydrogen_gasification|emission_co2e_n2o_entc_processing_and_refinement_fp_hydrogen_reformation|emission_co2e_n2o_entc_processing_and_refinement_fp_hydrogen_reformation_ccs|emission_co2e_n2o_entc_processing_and_refinement_fp_natural_gas|emission_co2e_n2o_entc_processing_and_refinement_fp_natural_gas_liquefaction
1 - Energy,1.A - Fuel Combustion Activities,1.A.2 - Manufacturing Industries and Construction,1.A.2.a. Iron and steel|1.A.2.b. Non-ferrous metals,,,ch4,1.A.2.a.|1.A.2.b.,emission_co2e_ch4_inen_metals
1 - Energy,1.A - Fuel Combustion Activities,1.A.2 - Manufacturing Industries and Construction,1.A.2.a. Iron and steel|1.A.2.b. Non-ferrous metals,,,co2,1.A.2.a.|1.A.2.b.,emission_co2e_co2_inen_nbmass_metals
1 - Energy,1.A - Fuel Combustion Activities,1.A.2 - Manufacturing Industries and Construction,1.A.2.a. Iron and steel|1.A.2.b. Non-ferrous metals,,,n2o,1.A.2.a.|1.A.2.b.,emission_co2e_n2o_inen_metals
1 - Energy,1.A - Fuel Combustion Activities,1.A.2 - Manufacturing Industries and Construction,1.A.2.c - Chemicals,,,ch4,1.A.2.c,emission_co2e_ch4_inen_chemicals|emission_co2e_ch4_inen_plastic
1 - Energy,1.A - Fuel Combustion Activities,1.A.2 - Manufacturing Industries and Construction,1.A.2.c - Chemicals,,,co2,1.A.2.c,emission_co2e_co2_inen_nbmass_chemicals|emission_co2e_co2_inen_nbmass_plastic
1 - Energy,1.A - Fuel Combustion Activities,1.A.2 - Manufacturing Industries and Construction,1.A.2.c - Chemicals,,,n2o,1.A.2.c,emission_co2e_n2o_inen_chemicals|emission_co2e_n2o_inen_plastic
1 - Energy,1.A - Fuel Combustion Activities,1.A.2 - Manufacturing Industries and Construction,"1.A.2.d. Pulp, paper and print",,,ch4,1.A.2.d,emission_co2e_ch4_inen_paper
1 - Energy,1.A - Fuel Combustion Activities,1.A.2 - Manufacturing Industries and Construction,"1.A.2.d. Pulp, paper and print",,,co2,1.A.2.d,emission_co2e_co2_inen_nbmass_paper
1 - Energy,1.A - Fuel Combustion Activities,1.A.2 - Manufacturing Industries and Construction,"1.A.2.d. Pulp, paper and print",,,n2o,1.A.2.d,emission_co2e_n2o_inen_paper
1 - Energy,1.A - Fuel Combustion Activities,1.A.2 - Manufacturing Industries and Construction,"1.A.2.e - Food Processing, Beverages and Tobacco|1.A.2.g - Transport Equipment|1.A.2.m - Non-specified Industry",,,ch4,1.A.2.e|1.A.2.g.ii|1.A.2.g.viii,emission_co2e_ch4_inen_electronics|emission_co2e_ch4_inen_glass|emission_co2e_ch4_inen_other_product_manufacturing|emission_co2e_ch4_inen_recycled_glass|emission_co2e_ch4_inen_recycled_metals|emission_co2e_ch4_inen_recycled_paper|emission_co2e_ch4_inen_recycled_plastic|emission_co2e_ch4_inen_recycled_rubber_and_leather|emission_co2e_ch4_inen_recycled_textiles|emission_co2e_ch4_inen_recycled_wood
1 - Energy,1.A - Fuel Combustion Activities,1.A.2 - Manufacturing Industries and Construction,"1.A.2.e - Food Processing, Beverages and Tobacco|1.A.2.g - Transport Equipment|1.A.2.m - Non-specified Industry",,,co2,1.A.2.e|1.A.2.g.ii|1.A.2.g.viii,emission_co2e_co2_inen_nbmass_electronics|emission_co2e_co2_inen_nbmass_glass|emission_co2e_co2_inen_nbmass_other_product_manufacturing|emission_co2e_co2_inen_nbmass_recycled_glass|emission_co2e_co2_inen_nbmass_recycled_metals|emission_co2e_co2_inen_nbmass_recycled_paper|emission_co2e_co2_inen_nbmass_recycled_plastic|emission_co2e_co2_inen_nbmass_recycled_rubber_and_leather|emission_co2e_co2_inen_nbmass_recycled_textiles|emission_co2e_co2_inen_nbmass_recycled_wood
1 - Energy,1.A - Fuel Combustion Activities,1.A.2 - Manufacturing Industries and Construction,"1.A.2.e - Food Processing, Beverages and Tobacco|1.A.2.g - Transport Equipment|1.A.2.m - Non-specified Industry",,,n2o,1.A.2.e|1.A.2.g.ii|1.A.2.g.viii,emission_co2e_n2o_inen_electronics|emission_co2e_n2o_inen_glass|emission_co2e_n2o_inen_other_product_manufacturing|emission_co2e_n2o_inen_recycled_glass|emission_co2e_n2o_inen_recycled_metals|emission_co2e_n2o_inen_recycled_paper|emission_co2e_n2o_inen_recycled_plastic|emission_co2e_n2o_inen_recycled_rubber_and_leather|emission_co2e_n2o_inen_recycled_textiles|emission_co2e_n2o_inen_recycled_wood
1 - Energy,1.A - Fuel Combustion Activities,1.A.2 - Manufacturing Industries and Construction,1.A.2.f.  Non-metallic minerals,,,ch4,1.A.2.f,emission_co2e_ch4_inen_lime_and_carbonite
1 - Energy,1.A - Fuel Combustion Activities,1.A.2 - Manufacturing Industries and Construction,1.A.2.f.  Non-metallic minerals,,,co2,1.A.2.f,emission_co2e_co2_inen_nbmass_lime_and_carbonite
1 - Energy,1.A - Fuel Combustion Activities,1.A.2 - Manufacturing Industries and Construction,1.A.2.f.  Non-metallic minerals,,,n2o,1.A.2.f,emission_co2e_n2o_inen_lime_and_carbonite
1 - Energy,1.A - Fuel Combustion Activities,1.A.2 - Manufacturing Industries and Construction,1.A.2.g. Other,1.A.2.g.iii.  Mining (excluding fuels) and quarrying,,ch4,1.A.2.g.iii,emission_co2e_ch4_inen_mining
1 - Energy,1.A - Fuel Combustion Activities,1.A.2 - Manufacturing Industries and Construction,1.A.2.g. Other,1.A.2.g.iii.  Mining (excluding fuels) and quarrying,,co2,1.A.2.g.iii,emission_co2e_co2_inen_nbmass_mining
1 - Energy,1.A - Fuel Combustion Activities,1.A.2 - Manufacturing Industries and Construction,1.A.2.g. Other,1.A.2.g.iii.  Mining (excluding fuels) and quarrying,,n2o,1.A.2.g.iii,emission_co2e_n2o_inen_mining
1 - Energy,1.A - Fuel Combustion Activities,1.A.2 - Manufacturing Industries and Construction,1.A.2.g. Other,1.A.2.g.iv.  Wood and wood products,,ch4,1.A.2.g.iv,emission_co2e_ch4_inen_wood
1 - Energy,1.A - Fuel Combustion Activities,1.A.2 - Manufacturing Industries and Construction,1.A.2.g. Other,1.A.2.g.iv.  Wood and wood products,,co2,1.A.2.g.iv,emission_co2e_co2_inen_nbmass_wood
1 - Energy,1.A - Fuel Combustion Activities,1.A.2 - Manufacturing Industries and Construction,1.A.2.g. Other,1.A.2.g.iv.  Wood and wood products,,n2o,1.A.2.g.iv,emission_co2e_n2o_inen_wood
1 - Energy,1.A - Fuel Combustion Activities,1.A.2 - Manufacturing Industries and Construction,1.A.2.k - Construction,1.A.2.g.v.  Construction,,ch4,1.A.2.g.v,emission_co2e_ch4_inen_cement
1 - Energy,1.A - Fuel Combustion Activities,1.A.2 - Manufacturing Industries and Construction,1.A.2.k - Construction,1.A.2.g.v.  Construction,,co2,1.A.2.g.v,emission_co2e_co2_inen_nbmass_cement
1 - Energy,1.A - Fuel Combustion Activities,1.A.2 - Manufacturing Industries and Construction,1.A.2.k - Construction,1.A.2.g.v.  Construction,,n2o,1.A.2.g.v,emission_co2e_n2o_inen_cement
1 - Energy,1.A - Fuel Combustion Activities,1.A.2 - Manufacturing Industries and Construction,1.A.2.l - Textile and Leather,1.A.2.g.vi.  Textile and leather,,ch4,1.A.2.g.vi,emission_co2e_ch4_inen_rubber_and_leather|emission_co2e_ch4_inen_textiles
1 - Energy,1.A - Fuel Combustion Activities,1.A.2 - Manufacturing Industries and Construction,1.A.2.l - Textile and Leather,1.A.2.g.vi.  Textile and leather,,co2,1.A.2.g.vi,emission_co2e_co2_inen_nbmass_rubber_and_leather|emission_co2e_co2_inen_nbmass_textiles
1 - Energy,1.A - Fuel Combustion Activities,1.A.2 - Manufacturing Industries and Construction,1.A.2.l - Textile and Leather,1.A.2.g.vi.  Textile and leather,,n2o,1.A.2.g.vi,emission_co2e_n2o_inen_rubber_and_leather|emission_co2e_n2o_inen_textiles
1 - Energy,1.A - Fuel Combustion Activities,1.A.3 - Transport,1.A.3.a - Civil Aviation|1.A.3.a.i - International Aviation (International Bunkers) (1),,,ch4,1.A.3.a|1.D.1.a,emission_co2e_ch4_trns_aviation
1 - Energy,1.A - Fuel Combustion Activities,1.A.3 - Transport,1.A.3.a - Civil Aviation|1.A.3.a.i - International Aviation (International Bunkers) (1),,,co2,1.A.3.a|1.D.1.a,emission_co2e_co2_trns_aviation
1 - Energy,1.A - Fuel Combustion Activities,1.A.3 - Transport,1.A.3.a - Civil Aviation|1.A.3.a.i - International Aviation (International Bunkers) (1),,,n2o,1.A.3.a|1.D.1.a,emission_co2e_n2o_trns_aviation
1 - Energy,1.A - Fuel Combustion Activities,1.A.3 - Transport,1.A.3.b - Road Transportation,1.A.3.b.i - Cars|1.A.3.b.ii - Light-duty trucks,,ch4,1.A.3.b.i|1.A.3.b.ii,emission_co2e_ch4_trns_road_light
1 - Energy,1.A - Fuel Combustion Activities,1.A.3 - Transport,1.A.3.b - Road Transportation,1.A.3.b.i - Cars|1.A.3.b.ii - Light-duty trucks,,co2,1.A.3.b.i|1.A.3.b.ii,emission_co2e_co2_trns_road_light
1 - Energy,1.A - Fuel Combustion Activities,1.A.3 - Transport,1.A.3.b - Road Transportation,1.A.3.b.i - Cars|1.A.3.b.ii - Light-duty trucks,,n2o,1.A.3.b.i|1.A.3.b.ii,emission_co2e_n2o_trns_road_light
1 - Energy,1.A - Fuel Combustion Activities,1.A.3 - Transport,1.A.3.b - Road Transportation,1.A.3.b.iii - Heavy-duty trucks and buses,,ch4,1.A.3.b.iii,emission_co2e_ch4_trns_public|emission_co2e_ch4_trns_road_heavy_freight|emission_co2e_ch4_trns_road_heavy_regional
1 - Energy,1.A - Fuel Combustion Activities,1.A.3 - Transport,1.A.3.b - Road Transportation,1.A.3.b.iii - Heavy-duty trucks and buses,,co2,1.A.3.b.iii,emission_co2e_co2_trns_public|emission_co2e_co2_trns_road_heavy_freight|emission_co2e_co2_trns_road_heavy_regional
1 - Energy,1.A - Fuel Combustion Activities,1.A.3 - Transport,1.A.3.b - Road Transportation,1.A.3.b.iii - Heavy-duty trucks and buses,,n2o,1.A.3.b.iii,emission_co2e_n2o_trns_public|emission_co2e_n2o_trns_road_heavy_freight|emission_co2e_n2o_trns_road_heavy_regional
1 - Energy,1.A - Fuel Combustion Activities,1.A.3 - Transport,1.A.3.b - Road Transportation,1.A.3.b.iv - Motorcycles,,ch4,1.A.3.b.iv,emission_co2e_ch4_trns_powered_bikes
1 - Energy,1.A - Fuel Combustion Activities,1.A.3 - Transport,1.A.3.b - Road Transportation,1.A.3.b.iv - Motorcycles,,co2,1.A.3.b.iv,emission_co2e_co2_trns_powered_bikes
1 - Energy,1.A - Fuel Combustion Activities,1.A.3 - Transport,1.A.3.b - Road Transportation,1.A.3.b.iv - Motorcycles,,n2o,1.A.3.b.iv,emission_co2e_n2o_trns_powered_bikes
1 - Energy,1.A - Fuel Combustion Activities,1.A.3 - Transport,1.A.3.b - Road Transportation,1.A.3.b.v - Evaporative emissions from vehicles,,ch4,1.A.3.b.v,
1 - Energy,1.A - Fuel Combustion Activities,1.A.3 - Transport,1.A.3.b - Road Transportation,1.A.3.b.v - Evaporative emissions from vehicles,,co2,1.A.3.b.v,
1 - Energy,1.A - Fuel Combustion Activities,1.A.3 - Transport,1.A.3.b - Road Transportation,1.A.3.b.v - Evaporative emissions from vehicles,,n2o,1.A.3.b.v,
1 - Energy,1.A - Fuel Combustion Activities,1.A.3 - Transport,1.A.3.b - Road Transportation,1.A.3.b.vi - Urea-based catalysts,,ch4,1.A.3.b.vi,
1 - Energy,1.A - Fuel Combustion Activities,1.A.3 - Transport,1.A.3.b - Road Transportation,1.A.3.b.vi - Urea-based catalysts,,co2,1.A.3.b.vi,
1 - Energy,1.A - Fuel Combustion Activities,1.A.3 - Transport,1.A.3.b - Road Transportation,1.A.3.b.vi - Urea-based catalysts,,n2o,1.A.3.b.vi,
1 - Energy,1.A - Fuel Combustion Activities,1.A.3 - Transport,1.A.3.c - Railways,,,ch4,1.A.3.c,emission_co2e_ch4_trns_rail_freight|emission_co2e_ch4_trns_rail_passenger
1 - Energy,1.A - Fuel Combustion Activities,1.A.3 - Transport,1.A.3.c - Railways,,,co2,1.A.3.c,emission_co2e_co2_trns_rail_freight|emission_co2e_co2_trns_rail_passenger
1 - Energy,1.A - Fuel Combustion Activities,1.A.3 - Transport,1.A.3.c - Railways,,,n2o,1.A.3.c,emission_co2e_n2o_trns_rail_freight|emission_co2e_n2o_trns_rail_passenger
1 - Energy,1.A - Fuel Combustion Activities,1.A.3 - Transport,1.A.3.d - Water-borne Navigation,,,ch4,1.A.3.d,emission_co2e_ch4_trns_water_borne
1 - Energy,1.A - Fuel Combustion Activities,1.A.3 - Transport,1.A.3.d - Water-borne Navigation,,,co2,1.A.3.d,emission_co2e_co2_trns_water_borne
1 - Energy,1.A - Fuel Combustion Activities,1.A.3 - Transport,1.A.3.d - Water-borne Navigation,,,n2o,1.A.3.d,emission_co2e_n2o_trns_water_borne
1 - Energy,1.A - Fuel Combustion Activities,1.A.3 - Transport,1.A.3.e - Other Transportation,,,ch4,1.A.3.e,emission_co2e_ch4_trns_human_powered
1 - Energy,1.A - Fuel Combustion Activities,1.A.3 - Transport,1.A.3.e - Other Transportation,,,co2,1.A.3.e,emission_co2e_co2_trns_human_powered
1 - Energy,1.A - Fuel Combustion Activities,1.A.3 - Transport,1.A.3.e - Other Transportation,,,n2o,1.A.3.e,emission_co2e_n2o_trns_human_powered
1 - Energy,1.A - Fuel Combustion Activities,1.A.4 - Other Sectors,1.A.4.a - Commercial/Institutional,,,ch4,1.A.4.a,emission_co2e_ch4_scoe_commercial_municipal
1 - Energy,1.A - Fuel Combustion Activities,1.A.4 - Other Sectors,1.A.4.a - Commercial/Institutional,,,co2,1.A.4.a,emission_co2e_co2_scoe_nbmass_commercial_municipal
1 - Energy,1.A - Fuel Combustion Activities,1.A.4 - Other Sectors,1.A.4.a - Commercial/Institutional,,,n2o,1.A.4.a,emission_co2e_n2o_scoe_commercial_municipal
1 - Energy,1.A - Fuel Combustion Activities,1.A.4 - Other Sectors,1.A.4.b - Residential,,,ch4,1.A.4.b,emission_co2e_ch4_scoe_residential
1 - Energy,1.A - Fuel Combustion Activities,1.A.4 - Other Sectors,1.A.4.b - Residential,,,co2,1.A.4.b,emission_co2e_co2_scoe_nbmass_residential
1 - Energy,1.A - Fuel Combustion Activities,1.A.4 - Other Sectors,1.A.4.b - Residential,,,n2o,1.A.4.b,emission_co2e_n2o_scoe_residential
1 - Energy,1.A - Fuel Combustion Activities,1.A.4 - Other Sectors,1.A.4.c - Agriculture/Forestry/Fishing/Fish Farms,,,ch4,1.A.4.c,emission_co2e_ch4_inen_agriculture_and_livestock
1 - Energy,1.A - Fuel Combustion Activities,1.A.4 - Other Sectors,1.A.4.c - Agriculture/Forestry/Fishing/Fish Farms,,,co2,1.A.4.c,emission_co2e_co2_inen_nbmass_agriculture_and_livestock
1 - Energy,1.A - Fuel Combustion Activities,1.A.4 - Other Sectors,1.A.4.c - Agriculture/Forestry/Fishing/Fish Farms,,,n2o,1.A.4.c,emission_co2e_n2o_inen_agriculture_and_livestock
1 - Energy,1.A - Fuel Combustion Activities,1.A.5 - Non-Specified,,,,ch4,1.A.5.a|1.A.5.b,emission_co2e_ch4_scoe_other_se
1 - Energy,1.A - Fuel Combustion Activities,1.A.5 - Non-Specified,,,,co2,1.A.5.a|1.A.5.b,emission_co2e_co2_scoe_nbmass_other_se
1 - Energy,1.A - Fuel Combustion Activities,1.A.5 - Non-Specified,,,,n2o,1.A.5.a|1.A.5.b,emission_co2e_n2o_scoe_other_se
1 - Energy,1.B - Fugitive emissions from fuels,1.B.1 - Solid Fuels,,,,ch4,1.B.1.a,emission_co2e_ch4_fgtv_dtp_fuel_coal|emission_co2e_ch4_fgtv_flaring_fuel_coal|emission_co2e_ch4_fgtv_venting_fuel_coal
1 - Energy,1.B - Fugitive emissions from fuels,1.B.1 - Solid Fuels,,,,co2,1.B.1.a,emission_co2e_co2_fgtv_dtp_fuel_coal|emission_co2e_co2_fgtv_flaring_fuel_coal|emission_co2e_co2_fgtv_venting_fuel_coal
1 - Energy,1.B - Fugitive emissions from fuels,1.B.1 - Solid Fuels,,,,n2o,1.B.1.a,emission_co2e_n2o_fgtv_dtp_fuel_coal|emission_co2e_n2o_fgtv_flaring_fuel_coal|emission_co2e_n2o_fgtv_venting_fuel_coal
1 - Energy,1.B - Fugitive emissions from fuels,1.B.1 - Solid Fuels,,,,ch4,1.B.1.b.i,emission_co2e_ch4_entc_processing_and_refinement_fp_charcoal
1 - Energy,1.B - Fugitive emissions from fuels,1.B.1 - Solid Fuels,,,,n2o,1.B.1.b.i,emission_co2e_n2o_entc_processing_and_refinement_fp_charcoal
1 - Energy,1.B - Fugitive emissions from fuels,1.B.2 - Oil and Natural Gas,1.B.2.a - Oil,,,ch4,1.B.2.a,emission_co2e_ch4_fgtv_dtp_fuel_crude|emission_co2e_ch4_fgtv_dtp_fuel_oil
1 - Energy,1.B - Fugitive emissions from fuels,1.B.2 - Oil and Natural Gas,1.B.2.a - Oil,,,co2,1.B.2.a,emission_co2e_co2_fgtv_dtp_fuel_crude|emission_co2e_co2_fgtv_dtp_fuel_oil
1 - Energy,1.B - Fugitive emissions from fuels,1.B.2 - Oil and Natural Gas,1.B.2.a - Oil,,,n2o,1.B.2.a,emission_co2e_n2o_fgtv_dtp_fuel_crude|emission_co2e_n2o_fgtv_dtp_fuel_oil
1 - Energy,1.B - Fugitive emissions from fuels,1.B.2 - Oil and Natural Gas,1.B.2.b - Natural Gas,,,ch4,1.B.2.b,emission_co2e_ch4_fgtv_dtp_fuel_natural_gas
1 - Energy,1.B - Fugitive emissions from fuels,1.B.2 - Oil and Natural Gas,1.B.2.b - Natural Gas,,,co2,1.B.2.b,emission_co2e_co2_fgtv_dtp_fuel_natural_gas
1 - Energy,1.B - Fugitive emissions from fuels,1.B.2 - Oil and Natural Gas,1.B.2.b - Natural Gas,,,n2o,1.B.2.b,emission_co2e_n2o_fgtv_dtp_fuel_natural_gas
1 - Energy,1.B - Fugitive emissions from fuels,1.B.2 - Oil and Natural Gas,1.B.2.a - Oil,,,ch4,1.B.2.c.i.1,emission_co2e_ch4_fgtv_venting_fuel_crude|emission_co2e_ch4_fgtv_venting_fuel_oil
1 - Energy,1.B - Fugitive emissions from fuels,1.B.2 - Oil and Natural Gas,1.B.2.a - Oil,,,co2,1.B.2.c.i.1,emission_co2e_co2_fgtv_venting_fuel_crude|emission_co2e_co2_fgtv_venting_fuel_oil
1 - Energy,1.B - Fugitive emissions from fuels,1.B.2 - Oil and Natural Gas,1.B.2.a - Oil,,,n2o,1.B.2.c.i.1,emission_co2e_n2o_fgtv_venting_fuel_crude|emission_co2e_n2o_fgtv_venting_fuel_oil
1 - Energy,1.B - Fugitive emissions from fuels,1.B.2 - Oil and Natural Gas,1.B.2.b - Natural Gas,,,ch4,1.B.2.c.i.2,emission_co2e_ch4_fgtv_venting_fuel_natural_gas
1 - Energy,1.B - Fugitive emissions from fuels,1.B.2 - Oil and Natural Gas,1.B.2.b - Natural Gas,,,co2,1.B.2.c.i.2,emission_co2e_co2_fgtv_venting_fuel_natural_gas
1 - Energy,1.B - Fugitive emissions from fuels,1.B.2 - Oil and Natural Gas,1.B.2.b - Natural Gas,,,n2o,1.B.2.c.i.2,emission_co2e_n2o_fgtv_venting_fuel_natural_gas
1 - Energy,1.B - Fugitive emissions from fuels,1.B.2 - Oil and Natural Gas,1.B.2.a - Oil,,,ch4,1.B.2.c.ii.1,emission_co2e_ch4_fgtv_flaring_fuel_crude|emission_co2e_ch4_fgtv_flaring_fuel_oil
1 - Energy,1.B - Fugitive emissions from fuels,1.B.2 - Oil and Natural Gas,1.B.2.a - Oil,,,co2,1.B.2.c.ii.1,emission_co2e_co2_fgtv_flaring_fuel_crude|emission_co2e_co2_fgtv_flaring_fuel_oil
1 - Energy,1.B - Fugitive emissions from fuels,1.B.2 - Oil and Natural Gas,1.B.2.a - Oil,,,n2o,1.B.2.c.ii.1,emission_co2e_n2o_fgtv_flaring_fuel_crude|emission_co2e_n2o_fgtv_flaring_fuel_oil
1 - Energy,1.B - Fugitive emissions from fuels,1.B.2 - Oil and Natural Gas,1.B.2.b - Natural Gas,,,ch4,1.B.2.c.ii.2,emission_co2e_ch4_fgtv_flaring_fuel_natural_gas
1 - Energy,1.B - Fugitive emissions from fuels,1.B.2 - Oil and Natural Gas,1.B.2.b - Natural Gas,,,co2,1.B.2.c.ii.2,emission_co2e_co2_fgtv_flaring_fuel_natural_gas
1 - Energy,1.B - Fugitive emissions from fuels,1.B.2 - Oil and Natural Gas,1.B.2.b - Natural Gas,,,n2o,1.B.2.c.ii.2,emission_co2e_n2o_fgtv_flaring_fuel_natural_gas
1 - Energy,1.B - Fugitive emissions from fuels,1.B.3 - Other emissions from Energy Production,,,,ch4,1.B.3,
1 - Energy,1.B - Fugitive emissions from fuels,1.B.3 - Other emissions from Energy Production,,,,co2,1.B.3,
1 - Energy,1.B - Fugitive emissions from fuels,1.B.3 - Other emissions from Energy Production,,,,n2o,1.B.3,
1 - Energy,,,,,,ch4,1.C,emission_co2e_ch4_ccsq_direct_air_capture
1 - Energy,,,,,,co2,1.C,emission_co2e_co2_ccsq_direct_air_capture
1 - Energy,,,,,,n2o,1.C,emission_co2e_n2o_ccsq_direct_air_capture
2 - Industrial Processes and Product Use ,2.A - Mineral Industry ,2.A.1 - Cement production ,,,,co2,2.A.1,emission_co2e_co2_ippu_production_cement
2 - Industrial Processes and Product Use ,2.A - Mineral Industry ,2.A.2 - Lime production ,,,,co2,2.A.2,emission_co2e_co2_ippu_production_lime_and_carbonite
2 - Industrial Processes and Product Use ,2.A - Mineral Industry ,2.A.3 - Glass Production ,,,,co2,2.A.3,emission_co2e_co2_ippu_production_glass
2 - Industrial Processes and Product Use ,2.A - Mineral Industry ,2.A.4 - Other Process Uses of Carbonates ,,,,co2,2.A.4,
2 - Industrial Processes and Product Use ,2.B - Chemical Industry ,2.B.1 - Ammonia production,,,,ch4,2.B.1,emission_co2e_ch4_entc_nbmass_processing_and_refinement_fp_ammonia_production
2 - Industrial Processes and Product Use ,2.B - Chemical Industry ,2.B.1 - Ammonia production,,,,co2,2.B.1,emission_co2e_co2_entc_nbmass_processing_and_refinement_fp_ammonia_production
2 - Industrial Processes and Product Use ,2.B - Chemical Industry ,2.B.1 - Ammonia production,,,,n2o,2.B.1,emission_co2e_n2o_entc_nbmass_processing_and_refinement_fp_ammonia_production
2 - Industrial Processes and Product Use ,2.B - Chemical Industry ,,,,,ch4,2.B.2|2.B.3|2.B.4|2.B.5|2.B.6|2.B.7|2.B.8|2.B.9|2.B.10,emission_co2e_ch4_ippu_production_chemicals|emission_co2e_ch4_ippu_production_plastic
2 - Industrial Processes and Product Use ,2.B - Chemical Industry ,,,,,co2,2.B.2|2.B.3|2.B.4|2.B.5|2.B.6|2.B.7|2.B.8|2.B.9|2.B.10,emission_co2e_co2_ippu_production_chemicals|emission_co2e_co2_ippu_production_plastic
2 - Industrial Processes and Product Use ,2.B - Chemical Industry ,,,,,hfcs,2.B.2|2.B.3|2.B.4|2.B.5|2.B.6|2.B.7|2.B.8|2.B.9|2.B.10,emission_co2e_hfcs_ippu_production_chemicals
2 - Industrial Processes and Product Use ,2.B - Chemical Industry ,,,,,n2o,2.B.2|2.B.3|2.B.4|2.B.5|2.B.6|2.B.7|2.B.8|2.B.9|2.B.10,emission_co2e_n2o_ippu_production_chemicals|emission_co2e_n2o_ippu_production_plastic
2 - Industrial Processes and Product Use ,2.B - Chemical Industry ,,,,,nf3,2.B.2|2.B.3|2.B.4|2.B.5|2.B.6|2.B.7|2.B.8|2.B.9|2.B.10,emission_co2e_nf3_ippu_production_chemicals
2 - Industrial Processes and Product Use ,2.B - Chemical Industry ,,,,,pfcs,2.B.2|2.B.3|2.B.4|2.B.5|2.B.6|2.B.7|2.B.8|2.B.9|2.B.10,emission_co2e_pfcs_ippu_production_chemicals
2 - Industrial Processes and Product Use ,2.B - Chemical Industry ,,,,,sf6,2.B.2|2.B.3|2.B.4|2.B.5|2.B.6|2.B.7|2.B.8|2.B.9|2.B.10,emission_co2e_sf6_ippu_production_chemicals
2 - Industrial Processes and Product Use ,2.C - Metal Industry ,,,,,ch4,2.C,emission_co2e_ch4_ippu_production_metals
2 - Industrial Processes and Product Use ,2.C - Metal Industry ,,,,,co2,2.C,emission_co2e_co2_ippu_production_metals
2 - Industrial Processes and Product Use ,2.C - Metal Industry ,,,,,hfcs,2.C,emission_co2e_hfcs_ippu_production_metals
2 - Industrial Processes and Product Use ,2.C - Metal Industry ,,,,,sf6,2.C,emission_co2e_sf6_ippu_production_metals
2 - Industrial Processes and Product Use ,2.D - Non-Energy Products from Fuels and Solvent Use  (6),2.D.1 - Lubricant Use ,,,,co2,2.D.1,emission_co2e_co2_ippu_product_use_product_use_lubricants|emission_co2e_co2_ippu_production_product_use_lubricants
2 - Industrial Processes and Product Use ,2.D - Non-Energy Products from Fuels and Solvent Use  (6),2.D.2 - Paraffin Wax Use ,,,,co2,2.D.2,emission_co2e_co2_ippu_product_use_product_use_paraffin_wax|emission_co2e_co2_ippu_production_product_use_paraffin_wax
2 - Industrial Processes and Product Use ,2.D - Non-Energy Products from Fuels and Solvent Use  (6),2.D.3 - Solvent Use  (7),,,,co2,2.D.3,emission_co2e_co2_ippu_product_use_product_use_other
2 - Industrial Processes and Product Use ,2.E - Electronics Industry ,,,,,hfcs,2.E,emission_co2e_hfcs_ippu_production_electronics
2 - Industrial Processes and Product Use ,2.E - Electronics Industry ,,,,,nf3,2.E,emission_co2e_nf3_ippu_production_electronics
2 - Industrial Processes and Product Use ,2.E - Electronics Industry ,,,,,pfcs,2.E,emission_co2e_pfcs_ippu_production_electronics
2 - Industrial Processes and Product Use ,2.E - Electronics Industry ,,,,,sf6,2.E,emission_co2e_sf6_ippu_production_electronics
2 - Industrial Processes and Product Use ,2.F - Product Uses as Substitutes for Ozone Depleting Substances ,2.F.1 - Refrigeration and Air Conditioning ,,,,hfcs,2.F.1,emission_co2e_hfcs_ippu_product_use_product_use_ods_refrigeration
2 - Industrial Processes and Product Use ,2.F - Product Uses as Substitutes for Ozone Depleting Substances ,2.F.2 - Foam Blowing Agents|2.F.3 - Fire Protection|2.F.4 - Aerosols|2.F.5 - Solvents|2.F.6 - Other Applications (please specify)  (3),,,,hfcs,2.F.2|2.F.3|2.F.4|2.F.5|2.F.6,emission_co2e_hfcs_ippu_product_use_product_use_ods_other
2 - Industrial Processes and Product Use ,2.F - Product Uses as Substitutes for Ozone Depleting Substances ,2.F.2 - Foam Blowing Agents|2.F.3 - Fire Protection|2.F.4 - Aerosols|2.F.5 - Solvents|2.F.6 - Other Applications (please specify)  (3),,,,pfcs,2.F.2|2.F.3|2.F.4|2.F.5|2.F.6,emission_co2e_pfcs_ippu_product_use_product_use_ods_other
2 - Industrial Processes and Product Use ,2.G - Other Product Manufacture and Use ,,,,,n2o,2.G,emission_co2e_n2o_ippu_production_other_product_manufacturing
2 - Industrial Processes and Product Use ,2.G - Other Product Manufacture and Use ,,,,,pfcs,2.G,emission_co2e_pfcs_ippu_production_other_product_manufacturing
2 - Industrial Processes and Product Use ,2.G - Other Product Manufacture and Use ,,,,,sf6,2.G,emission_co2e_sf6_ippu_production_other_product_manufacturing
2 - Industrial Processes and Product Use ,2.H - Other , 2.H.1 - Pulp and Paper Industry ,,,,ch4,2.H.1,emission_co2e_ch4_ippu_production_paper
2 - Industrial Processes and Product Use ,2.H - Other , 2.H.1 - Pulp and Paper Industry ,,,,co2,2.H.1,emission_co2e_co2_ippu_production_paper
2 - Industrial Processes and Product Use ,2.H - Other , 2.H.1 - Pulp and Paper Industry ,,,,n2o,2.H.1,emission_co2e_n2o_ippu_production_paper
2 - Industrial Processes and Product Use ,2.H - Other ,2.H.2 - Food and Beverages Industry ,,,,hfcs,2.H.2,
2 - Industrial Processes and Product Use ,2.H - Other , 2.H.3 - Other (please specify)  (3),,,,co2,2.H.3,
3. Total agriculture,3.A - Livestock ,3.A.1 - Enteric Fermentation ,3.A.1.a - Cattle ,3.A.1.a.i - Dairy Cows,,ch4,3.A.1.a,emission_co2e_ch4_lvst_entferm_cattle_dairy
3. Total agriculture,3.A - Livestock ,3.A.1 - Enteric Fermentation ,3.A.1.a - Cattle ,3.A.1.a.ii - Other Cattle,,ch4,3.A.1.b,emission_co2e_ch4_lvst_entferm_cattle_nondairy
3. Total agriculture,3.A - Livestock ,3.A.1 - Enteric Fermentation ,3.A.1.c - Sheep ,,,ch4,3.A.2,emission_co2e_ch4_lvst_entferm_sheep
3. Total agriculture,3.A - Livestock ,3.A.1 - Enteric Fermentation ,3.A.1.h - Swine ,,,ch4,3.A.3,emission_co2e_ch4_lvst_entferm_pigs
3. Total agriculture,3.A - Livestock ,3.A.1 - Enteric Fermentation ,3.A.1.b - Buffalo ,,,ch4,3.A.4.a,emission_co2e_ch4_lvst_entferm_buffalo
3. Total agriculture,3.A - Livestock ,3.A.1 - Enteric Fermentation ,3.A.1.e - Camels|3.A.1.f - Horses,,,ch4,3.A.4.b|3.A.4.c|3.A.4.e,emission_co2e_ch4_lvst_entferm_horses
3. Total agriculture,3.A - Livestock ,3.A.1 - Enteric Fermentation ,3.A.1.d - Goats ,,,ch4,3.A.4.d,emission_co2e_ch4_lvst_entferm_goats
3. Total agriculture,3.A - Livestock ,3.A.1 - Enteric Fermentation ,3.A.1.g - Mules and Asses ,,,ch4,3.A.4.f,emission_co2e_ch4_lvst_entferm_mules
3. Total agriculture,3.A - Livestock ,3.A.1 - Enteric Fermentation ,3.A.1.i - Poultry ,,,ch4,3.A.4.g,emission_co2e_ch4_lvst_entferm_chickens
3. Total agriculture,3.A - Livestock ,3.A.1 - Enteric Fermentation ,3.A.1.j - Other (please specify) ,,,ch4,3.A.4.h,
3. Total agriculture,3.A - Livestock ,3.A.1 - Enteric Fermentation ,3.A.2 - Manure Management  (1),,,ch4,3.B.1|3.B.2|3.B.3|3.B.4,emission_co2e_ch4_lsmm_anaerobic_digester|emission_co2e_ch4_lsmm_anaerobic_lagoon|emission_co2e_ch4_lsmm_composting|emission_co2e_ch4_lsmm_daily_spread|emission_co2e_ch4_lsmm_deep_bedding|emission_co2e_ch4_lsmm_dry_lot|emission_co2e_ch4_lsmm_incineration|emission_co2e_ch4_lsmm_liquid_slurry|emission_co2e_ch4_lsmm_paddock_pasture_range|emission_co2e_ch4_lsmm_poultry_manure|emission_co2e_ch4_lsmm_storage_solid
3. Total agriculture,3.A - Livestock ,3.A.1 - Enteric Fermentation ,3.A.2 - Manure Management  (1),,,n2o,3.B.1|3.B.2|3.B.3|3.B.4,emission_co2e_n2o_lsmm_direct_anaerobic_digester|emission_co2e_n2o_lsmm_direct_anaerobic_lagoon|emission_co2e_n2o_lsmm_direct_composting|emission_co2e_n2o_lsmm_direct_daily_spread|emission_co2e_n2o_lsmm_direct_deep_bedding|emission_co2e_n2o_lsmm_direct_dry_lot|emission_co2e_n2o_lsmm_direct_incineration|emission_co2e_n2o_lsmm_direct_liquid_slurry|emission_co2e_n2o_lsmm_direct_paddock_pasture_range|emission_co2e_n2o_lsmm_direct_poultry_manure|emission_co2e_n2o_lsmm_direct_storage_solid
3. Total agriculture,3.C. Rice cultivation,,,,,ch4,3.C,emission_co2e_ch4_agrc_anaerobicdom_rice
3. Total agriculture,3.D. Agricultural soils,3.D.1. Direct N2O emissions from managed soils ,,,,n2o,3.D.1.a|3.D.1.b,emission_co2e_n2o_soil_fertilizer
3. Total agriculture,3.D. Agricultural soils,3.D.1. Direct N2O emissions from managed soils ,,,,n2o,3.D.1.c,emission_co2e_n2o_soil_paddock_pasture_range
3. Total agriculture,3.D. Agricultural soils,3.D.1. Direct N2O emissions from managed soils ,,,,n2o,3.D.1.d,emission_co2e_n2o_agrc_crop_residues
3. Total agriculture,3.D. Agricultural soils,3.D.1. Direct N2O emissions from managed soils ,,,,n2o,3.D.1.e,emission_co2e_n2o_soil_mineral_soils
3. Total agriculture,3.D. Agricultural soils,3.D.1. Direct N2O emissions from managed soils ,,,,n2o,3.D.1.f,emission_co2e_n2o_soil_organic_soils
3. Total agriculture,3.C - Aggregate sources and non-CO2 emissions sources on land  (2),3.C.6 - Indirect N2O Emissions from manure management ,,,,n2o,3.D.2,emission_co2e_n2o_lsmm_indirect_anaerobic_digester|emission_co2e_n2o_lsmm_indirect_anaerobic_lagoon|emission_co2e_n2o_lsmm_indirect_composting|emission_co2e_n2o_lsmm_indirect_daily_spread|emission_co2e_n2o_lsmm_indirect_deep_bedding|emission_co2e_n2o_lsmm_indirect_dry_lot|emission_co2e_n2o_lsmm_indirect_incineration|emission_co2e_n2o_lsmm_indirect_liquid_slurry|emission_co2e_n2o_lsmm_indirect_paddock_pasture_range|emission_co2e_n2o_lsmm_indirect_poultry_manure|emission_co2e_n2o_lsmm_indirect_storage_solid
3. Total agriculture,3.E. Prescribed burning of savannahs,,,,,ch4,3.E,
3. Total agriculture,3.E. Prescribed burning of savannahs,,,,,n2o,3.E,
3. Total agriculture,3.F. Field burning of agricultural residues,,,,,ch4,3.F,emission_co2e_ch4_agrc_residue_and_biomass_burning
3. Total agriculture,3.F. Field burning of agricultural residues,,,,,n2o,3.F,emission_co2e_n2o_agrc_residue_and_biomass_burning
3. Total agriculture,3.G.  Liming,,,,,co2,3.G,emission_co2e_co2_soil_lime_use
3. Total agriculture,3.H.  Urea application ,,,,,co2,3.H,emission_co2e_co2_soil_urea_use
4. Total LULUCF,4.A. Forest land,4.A.1. Forest land remaining forest land,3.B.1.a - Forest land Remaining Forest land,,,ch4,4.A.1|4.A.2,emission_co2e_ch4_frst_methane_mangroves|emission_co2e_ch4_frst_methane_primary|emission_co2e_ch4_frst_methane_secondary
4. Total LULUCF,4.A. Forest land,4.A.1. Forest land remaining forest land,3.B.1.a - Forest land Remaining Forest land,,,co2,4.A.1|4.A.2,emission_co2e_co2_frst_decomposition_mangroves|emission_co2e_co2_frst_decomposition_primary|emission_co2e_co2_frst_decomposition_secondary|emission_co2e_co2_frst_fuelwood_removals|emission_co2e_co2_frst_sequestration_mangroves|emission_co2e_co2_frst_sequestration_primary|emission_co2e_co2_frst_sequestration_secondary
4. Total LULUCF,4.A. Forest land,4.A.2. Land converted to forest land,4.A.2.a. Cropland converted to forest land,,,co2,4.A.2.a,
4. Total LULUCF,4.A. Forest land,4.A.2. Land converted to forest land,4.A.2.b. Grassland converted to forest land,,,co2,4.A.2.b,
4. Total LULUCF,4.A. Forest land,4.A.2. Land converted to forest land,4.A.2.c. Wetlands converted to forest land,,,co2,4.A.2.c,
4. Total LULUCF,4.A. Forest land,4.A.2. Land converted to forest land,4.A.2.d. Settlements converted to forest land,,,co2,4.A.2.d,
4. Total LULUCF,4.A. Forest land,4.A.2. Land converted to forest land,4.A.2.e. Other land converted to forest land,,,co2,4.A.2.e,
4. Total LULUCF,4.B. Cropland,4.B. Cropland,3.B.2.a - Cropland Remaining Cropland,,,co2,4.B.1,emission_co2e_co2_agrc_woody_biomass_bevs_and_spices|emission_co2e_co2_agrc_woody_biomass_fruits|emission_co2e_co2_agrc_woody_biomass_nuts|emission_co2e_co2_agrc_woody_biomass_other_woody_perennial|emission_co2e_co2_lndu_conversion_agb_croplands_to_croplands|emission_co2e_co2_lndu_conversion_bgb_croplands_to_croplands|emission_co2e_co2_lndu_drained_organic_soils_croplands|emission_co2e_co2_agrc_residue_emit_cereals|emission_co2e_co2_agrc_residue_emit_other_annual|emission_co2e_co2_agrc_residue_emit_pulses|emission_co2e_co2_agrc_residue_emit_rice|emission_co2e_co2_agrc_residue_emit_sugar_cane|emission_co2e_co2_agrc_residue_emit_tubers|emission_co2e_co2_agrc_residue_sequestration_cereals|emission_co2e_co2_agrc_residue_sequestration_other_annual|emission_co2e_co2_agrc_residue_sequestration_pulses|emission_co2e_co2_agrc_residue_sequestration_rice|emission_co2e_co2_agrc_residue_sequestration_sugar_cane|emission_co2e_co2_agrc_residue_sequestration_tubers
4. Total LULUCF,4.B. Cropland,3.B.2 - Cropland,3.B.2.b - Land Converted to Cropland,3.B.2.b.i - Forest Land converted to Cropland,,co2,4.B.2.a,emission_co2e_co2_lndu_conversion_agb_forests_mangroves_to_croplands|emission_co2e_co2_lndu_conversion_agb_forests_primary_to_croplands|emission_co2e_co2_lndu_conversion_agb_forests_secondary_to_croplands|emission_co2e_co2_lndu_conversion_bgb_forests_mangroves_to_croplands|emission_co2e_co2_lndu_conversion_bgb_forests_primary_to_croplands|emission_co2e_co2_lndu_conversion_bgb_forests_secondary_to_croplands
4. Total LULUCF,4.B. Cropland,3.B.2 - Cropland,3.B.2.b - Land Converted to Cropland,3.B.2.b.ii - Grassland converted to Cropland,,co2,4.B.2.b,emission_co2e_co2_lndu_conversion_agb_grasslands_to_croplands|emission_co2e_co2_lndu_conversion_agb_pastures_to_croplands|emission_co2e_co2_lndu_conversion_bgb_grasslands_to_croplands|emission_co2e_co2_lndu_conversion_bgb_pastures_to_croplands
4. Total LULUCF,4.B. Cropland,3.B.2 - Cropland,3.B.2.b - Land Converted to Cropland,3.B.2.b.iii - Wetlands converted to Cropland,,co2,4.B.2.c,emission_co2e_co2_lndu_conversion_agb_flooded_to_croplands|emission_co2e_co2_lndu_conversion_agb_wetlands_to_croplands|emission_co2e_co2_lndu_conversion_bgb_flooded_to_croplands|emission_co2e_co2_lndu_conversion_bgb_wetlands_to_croplands
4. Total LULUCF,4.B. Cropland,3.B.2 - Cropland,3.B.2.b - Land Converted to Cropland,3.B.2.b.iv - Settlements converted to Cropland,,co2,4.B.2.d,emission_co2e_co2_lndu_conversion_agb_settlements_to_croplands|emission_co2e_co2_lndu_conversion_bgb_settlements_to_croplands
4. Total LULUCF,4.B. Cropland,3.B.2 - Cropland,3.B.2.b - Land Converted to Cropland,3.B.2.b.v - Other Land converted to Cropland,,co2,4.B.2.e,emission_co2e_co2_lndu_conversion_agb_other_to_croplands|emission_co2e_co2_lndu_conversion_agb_shrublands_to_croplands|emission_co2e_co2_lndu_conversion_bgb_other_to_croplands|emission_co2e_co2_lndu_conversion_bgb_shrublands_to_croplands
4. Total LULUCF,4.C. Grassland,3.B.3 - Grassland,3.B.3.a - Grassland Remaining Grassland,,,co2,4.C.1,emission_co2e_co2_lndu_biomass_sequestration_grasslands|emission_co2e_co2_lndu_biomass_sequestration_pastures|emission_co2e_co2_lndu_conversion_agb_grasslands_to_grasslands|emission_co2e_co2_lndu_conversion_agb_grasslands_to_pastures|emission_co2e_co2_lndu_conversion_agb_pastures_to_grasslands|emission_co2e_co2_lndu_conversion_agb_pastures_to_pastures|emission_co2e_co2_lndu_conversion_bgb_grasslands_to_grasslands|emission_co2e_co2_lndu_conversion_bgb_grasslands_to_pastures|emission_co2e_co2_lndu_conversion_bgb_pastures_to_grasslands|emission_co2e_co2_lndu_conversion_bgb_pastures_to_pastures|emission_co2e_co2_lndu_drained_organic_soils_pastures
4. Total LULUCF,4.C. Grassland,3.B.3 - Grassland,3.B.3.b - Land Converted to Grassland,3.B.3.b.i - Forest Land converted to Grassland,,co2,4.C.2.a,emission_co2e_co2_lndu_conversion_agb_forests_mangroves_to_grasslands|emission_co2e_co2_lndu_conversion_agb_forests_mangroves_to_pastures|emission_co2e_co2_lndu_conversion_agb_forests_primary_to_grasslands|emission_co2e_co2_lndu_conversion_agb_forests_primary_to_pastures|emission_co2e_co2_lndu_conversion_agb_forests_secondary_to_grasslands|emission_co2e_co2_lndu_conversion_agb_forests_secondary_to_pastures|emission_co2e_co2_lndu_conversion_bgb_forests_mangroves_to_grasslands|emission_co2e_co2_lndu_conversion_bgb_forests_mangroves_to_pastures|emission_co2e_co2_lndu_conversion_bgb_forests_primary_to_grasslands|emission_co2e_co2_lndu_conversion_bgb_forests_primary_to_pastures|emission_co2e_co2_lndu_conversion_bgb_forests_secondary_to_grasslands|emission_co2e_co2_lndu_conversion_bgb_forests_secondary_to_pastures
4. Total LULUCF,4.C. Grassland,3.B.3 - Grassland,3.B.3.b - Land Converted to Grassland,3.B.3.b.ii - Cropland converted to Grassland,,co2,4.C.2.b,emission_co2e_co2_lndu_conversion_agb_croplands_to_grasslands|emission_co2e_co2_lndu_conversion_agb_croplands_to_pastures|emission_co2e_co2_lndu_conversion_bgb_croplands_to_grasslands|emission_co2e_co2_lndu_conversion_bgb_croplands_to_pastures
4. Total LULUCF,4.C. Grassland,3.B.3 - Grassland,3.B.3.b - Land Converted to Grassland,3.B.3.b.iii - Wetlands converted to Grassland,,co2,4.C.2.c,emission_co2e_co2_lndu_conversion_agb_flooded_to_grasslands|emission_co2e_co2_lndu_conversion_agb_flooded_to_pastures|emission_co2e_co2_lndu_conversion_agb_wetlands_to_grasslands|emission_co2e_co2_lndu_conversion_agb_wetlands_to_pastures|emission_co2e_co2_lndu_conversion_bgb_flooded_to_grasslands|emission_co2e_co2_lndu_conversion_bgb_flooded_to_pastures|emission_co2e_co2_lndu_conversion_bgb_wetlands_to_grasslands|emission_co2e_co2_lndu_conversion_bgb_wetlands_to_pastures
4. Total LULUCF,4.C. Grassland,3.B.3 - Grassland,3.B.3.b - Land Converted to Grassland,3.B.3.b.iv - Settlements converted to Grassland,,co2,4.C.2.d,emission_co2e_co2_lndu_conversion_agb_settlements_to_grasslands|emission_co2e_co2_lndu_conversion_agb_settlements_to_pastures|emission_co2e_co2_lndu_conversion_bgb_settlements_to_grasslands|emission_co2e_co2_lndu_conversion_bgb_settlements_to_pastures
4. Total LULUCF,4.C. Grassland,3.B.3 - Grassland,3.B.3.b - Land Converted to Grassland,3.B.3.b.v - Other Land converted to Grassland,,co2,4.C.2.e,emission_co2e_co2_lndu_conversion_agb_other_to_grasslands|emission_co2e_co2_lndu_conversion_agb_other_to_pastures|emission_co2e_co2_lndu_conversion_agb_shrublands_to_grasslands|emission_co2e_co2_lndu_conversion_agb_shrublands_to_pastures|emission_co2e_co2_lndu_conversion_bgb_other_to_grasslands|emission_co2e_co2_lndu_conversion_bgb_other_to_pastures|emission_co2e_co2_lndu_conversion_bgb_shrublands_to_grasslands|emission_co2e_co2_lndu_conversion_bgb_shrublands_to_pastures
4. Total LULUCF,4.D. Total wetlands,4.D.1. Wetlands remaining wetlands,3.B.4.a - Wetlands Remaining Wetlands,4.D.1.a. Peat extraction remaining peat extraction|4.D.1.c. Other wetlands remaining other wetlands,,co2,4.D.1.a|4.D.1.c,emission_co2e_co2_lndu_biomass_sequestration_wetlands|emission_co2e_co2_lndu_conversion_agb_wetlands_to_wetlands|emission_co2e_co2_lndu_conversion_bgb_wetlands_to_wetlands
4. Total LULUCF,4.D. Total wetlands,4.D.1. Wetlands remaining wetlands,3.B.4.a - Wetlands Remaining Wetlands,4.D.1.b. Flooded land remaining flooded land,,co2,4.D.1.b,emission_co2e_co2_lndu_conversion_agb_flooded_to_flooded|emission_co2e_co2_lndu_conversion_bgb_flooded_to_flooded
4. Total LULUCF,4.D. Total wetlands,4.D.2. Land converted to wetlands,4.D.2.a.  Lands converted to peat extraction|4.D.2.c. Land converted to other wetlands,4.D.2.a.i. Forest land converted to peat extraction|4.D.2.c.i. Forest land converted to other wetlands,,co2,4.D.2.a.i|4.D.2.c.i,emission_co2e_co2_lndu_conversion_agb_forests_mangroves_to_flooded|emission_co2e_co2_lndu_conversion_agb_forests_primary_to_flooded|emission_co2e_co2_lndu_conversion_agb_forests_secondary_to_flooded|emission_co2e_co2_lndu_conversion_bgb_forests_mangroves_to_flooded|emission_co2e_co2_lndu_conversion_bgb_forests_primary_to_flooded|emission_co2e_co2_lndu_conversion_bgb_forests_secondary_to_flooded
4. Total LULUCF,4.D. Total wetlands,4.D.2. Land converted to wetlands,4.D.2.a.  Lands converted to peat extraction|4.D.2.c. Land converted to other wetlands,4.D.2.a.ii. Cropland converted to peat extraction|4.D.2.c.ii. Cropland converted to other wetlands,,co2,4.D.2.a.ii|4.D.2.c.ii,emission_co2e_co2_lndu_conversion_agb_croplands_to_flooded|emission_co2e_co2_lndu_conversion_bgb_croplands_to_flooded
4. Total LULUCF,4.D. Total wetlands,4.D.2. Land converted to wetlands,4.D.2.a.  Lands converted to peat extraction|4.D.2.c. Land converted to other wetlands,4.D.2.a.iii. Grassland converted to peat extraction|4.D.2.c.iii. Grassland converted to other wetlands,,co2,4.D.2.a.iii|4.D.2.c.iii,emission_co2e_co2_lndu_conversion_agb_grasslands_to_flooded|emission_co2e_co2_lndu_conversion_agb_pastures_to_flooded|emission_co2e_co2_lndu_conversion_bgb_grasslands_to_flooded|emission_co2e_co2_lndu_conversion_bgb_pastures_to_flooded
4. Total LULUCF,4.D. Total wetlands,4.D.2. Land converted to wetlands,4.D.2.a.  Lands converted to peat extraction|4.D.2.c. Land converted to other wetlands,4.D.2.a.iv. Settlements converted to peat extraction|4.D.2.c.iv. Settlements converted to other wetlands,,co2,4.D.2.a.iv|4.D.2.c.iv,emission_co2e_co2_lndu_conversion_agb_settlements_to_flooded|emission_co2e_co2_lndu_conversion_bgb_settlements_to_flooded
4. Total LULUCF,4.D. Total wetlands,4.D.2. Land converted to wetlands,4.D.2.a.  Lands converted to peat extraction|4.D.2.c. Land converted to other wetlands,4.D.2.a.v. Other land converted to peat extraction|4.D.2.c.v. Other land converted to other wetlands,,co2,4.D.2.a.v|4.D.2.c.v,emission_co2e_co2_lndu_conversion_agb_other_to_flooded|emission_co2e_co2_lndu_conversion_agb_shrublands_to_flooded|emission_co2e_co2_lndu_conversion_agb_wetlands_to_flooded|emission_co2e_co2_lndu_conversion_bgb_other_to_flooded|emission_co2e_co2_lndu_conversion_bgb_shrublands_to_flooded|emission_co2e_co2_lndu_conversion_bgb_wetlands_to_flooded
4. Total LULUCF,4.D. Total wetlands,4.D.2. Land converted to wetlands,4.D.2.b. Land converted to flooded land,4.D.2.b.i. Forest land converted to flooded land,,co2,4.D.2.b.i.,emission_co2e_co2_lndu_conversion_agb_forests_mangroves_to_flooded|emission_co2e_co2_lndu_conversion_agb_forests_primary_to_flooded|emission_co2e_co2_lndu_conversion_agb_forests_secondary_to_flooded|emission_co2e_co2_lndu_conversion_bgb_forests_mangroves_to_flooded|emission_co2e_co2_lndu_conversion_bgb_forests_primary_to_flooded|emission_co2e_co2_lndu_conversion_bgb_forests_secondary_to_flooded
4. Total LULUCF,4.D. Total wetlands,4.D.2. Land converted to wetlands,4.D.2.b. Land converted to flooded land,4.D.2.b.ii. Croplands converted to flooded land,,co2,4.D.2.b.ii,emission_co2e_co2_lndu_conversion_agb_croplands_to_flooded|emission_co2e_co2_lndu_conversion_bgb_croplands_to_flooded
4. Total LULUCF,4.D. Total wetlands,4.D.2. Land converted to wetlands,4.D.2.b. Land converted to flooded land,4.D.2.b.iii. Grassland converted to flooded land,,co2,4.D.2.b.iii,emission_co2e_co2_lndu_conversion_agb_grasslands_to_flooded|emission_co2e_co2_lndu_conversion_agb_pastures_to_flooded|emission_co2e_co2_lndu_conversion_bgb_grasslands_to_flooded|emission_co2e_co2_lndu_conversion_bgb_pastures_to_flooded
4. Total LULUCF,4.D. Total wetlands,4.D.2. Land converted to wetlands,4.D.2.b. Land converted to flooded land,4.D.2.b.iv. Settlements converted to flooded land,,co2,4.D.2.b.iv,emission_co2e_co2_lndu_conversion_agb_settlements_to_flooded|emission_co2e_co2_lndu_conversion_bgb_settlements_to_flooded
4. Total LULUCF,4.D. Total wetlands,4.D.2. Land converted to wetlands,4.D.2.b. Land converted to flooded land,4.D.2.b.v. Other land converted to flooded land,,co2,4.D.2.b.v,emission_co2e_co2_lndu_conversion_agb_other_to_flooded|emission_co2e_co2_lndu_conversion_agb_shrublands_to_flooded|emission_co2e_co2_lndu_conversion_agb_wetlands_to_flooded|emission_co2e_co2_lndu_conversion_bgb_other_to_flooded|emission_co2e_co2_lndu_conversion_bgb_shrublands_to_flooded|emission_co2e_co2_lndu_conversion_bgb_wetlands_to_flooded
4. Total LULUCF,4.E.  Total settlements,4.E.1. Settlements remaining settlements,,,,co2,4.E.1,emission_co2e_co2_lndu_biomass_sequestration_settlements|emission_co2e_co2_lndu_conversion_agb_settlements_to_settlements|emission_co2e_co2_lndu_conversion_bgb_settlements_to_settlements
4. Total LULUCF,4.E.  Total settlements,4.E.2. Land converted to settlements,4.E.2.a. Forest land converted to settlements,,,co2,4.E.2.a,emission_co2e_co2_lndu_conversion_agb_forests_mangroves_to_settlements|emission_co2e_co2_lndu_conversion_agb_forests_primary_to_settlements|emission_co2e_co2_lndu_conversion_agb_forests_secondary_to_settlements|emission_co2e_co2_lndu_conversion_bgb_forests_mangroves_to_settlements|emission_co2e_co2_lndu_conversion_bgb_forests_primary_to_settlements|emission_co2e_co2_lndu_conversion_bgb_forests_secondary_to_settlements
4. Total LULUCF,4.E.  Total settlements,4.E.2. Land converted to settlements,4.E.2.b. Cropland converted to settlements,,,co2,4.E.2.b,emission_co2e_co2_lndu_conversion_agb_croplands_to_settlements|emission_co2e_co2_lndu_conversion_bgb_croplands_to_settlements
4. Total LULUCF,4.E.  Total settlements,4.E.2. Land converted to settlements,4.E.2.c. Grassland converted to settlements,,,co2,4.E.2.c,emission_co2e_co2_lndu_conversion_agb_grasslands_to_settlements|emission_co2e_co2_lndu_conversion_agb_pastures_to_settlements|emission_co2e_co2_lndu_conversion_bgb_grasslands_to_settlements|emission_co2e_co2_lndu_conversion_bgb_pastures_to_settlements
4. Total LULUCF,4.E.  Total settlements,4.E.2. Land converted to settlements,4.E.2.d. Wetlands converted to settlements,,,co2,4.E.2.d,emission_co2e_co2_lndu_conversion_agb_flooded_to_settlements|emission_co2e_co2_lndu_conversion_agb_wetlands_to_settlements|emission_co2e_co2_lndu_conversion_bgb_flooded_to_settlements|emission_co2e_co2_lndu_conversion_bgb_wetlands_to_settlements
4. Total LULUCF,4.E.  Total settlements,4.E.2. Land converted to settlements,4.E.2.e. Other Land converted to settlements,,,co2,4.E.2.e,emission_co2e_co2_lndu_conversion_agb_other_to_settlements|emission_co2e_co2_lndu_conversion_agb_shrublands_to_settlements|emission_co2e_co2_lndu_conversion_bgb_other_to_settlements|emission_co2e_co2_lndu_conversion_bgb_shrublands_to_settlements
4. Total LULUCF,4.F. Total other land,4.F.1. Other land remaining other land,,,,co2,4.F.1,emission_co2e_co2_lndu_biomass_sequestration_other|emission_co2e_co2_lndu_biomass_sequestration_shrublands|emission_co2e_co2_lndu_conversion_agb_other_to_other|emission_co2e_co2_lndu_conversion_agb_other_to_shrublands|emission_co2e_co2_lndu_conversion_agb_shrublands_to_other|emission_co2e_co2_lndu_conversion_agb_shrublands_to_shrublands|emission_co2e_co2_lndu_conversion_bgb_other_to_other|emission_co2e_co2_lndu_conversion_bgb_other_to_shrublands|emission_co2e_co2_lndu_conversion_bgb_shrublands_to_other|emission_co2e_co2_lndu_conversion_bgb_shrublands_to_shrublands
4. Total LULUCF,4.F. Total other land,4.F.2. Land converted to other land,4.F.2.a. Forest land converted to other land,,,co2,4.F.2.a,emission_co2e_co2_lndu_conversion_agb_forests_mangroves_to_other|emission_co2e_co2_lndu_conversion_agb_forests_mangroves_to_shrublands|emission_co2e_co2_lndu_conversion_agb_forests_mangroves_to_wetlands|emission_co2e_co2_lndu_conversion_agb_forests_primary_to_other|emission_co2e_co2_lndu_conversion_agb_forests_primary_to_shrublands|emission_co2e_co2_lndu_conversion_agb_forests_primary_to_wetlands|emission_co2e_co2_lndu_conversion_agb_forests_secondary_to_other|emission_co2e_co2_lndu_conversion_agb_forests_secondary_to_shrublands|emission_co2e_co2_lndu_conversion_agb_forests_secondary_to_wetlands|emission_co2e_co2_lndu_conversion_bgb_forests_mangroves_to_other|emission_co2e_co2_lndu_conversion_bgb_forests_mangroves_to_shrublands|emission_co2e_co2_lndu_conversion_bgb_forests_mangroves_to_wetlands|emission_co2e_co2_lndu_conversion_bgb_forests_primary_to_other|emission_co2e_co2_lndu_conversion_bgb_forests_primary_to_shrublands|emission_co2e_co2_lndu_conversion_bgb_forests_primary_to_wetlands|emission_co2e_co2_lndu_conversion_bgb_forests_secondary_to_other|emission_co2e_co2_lndu_conversion_bgb_forests_secondary_to_shrublands|emission_co2e_co2_lndu_conversion_bgb_forests_secondary_to_wetlands
4. Total LULUCF,4.F. Total other land,4.F.2. Land converted to other land,4.F.2.b. Cropland converted to other land,,,co2,4.F.2.b,emission_co2e_co2_lndu_conversion_agb_croplands_to_other|emission_co2e_co2_lndu_conversion_agb_croplands_to_shrublands|emission_co2e_co2_lndu_conversion_bgb_croplands_to_other|emission_co2e_co2_lndu_conversion_bgb_croplands_to_shrublands
4. Total LULUCF,4.F. Total other land,4.F.2. Land converted to other land,4.F.2.c. Grassland converted  to other land,,,co2,4.F.2.c,emission_co2e_co2_lndu_conversion_agb_grasslands_to_other|emission_co2e_co2_lndu_conversion_agb_grasslands_to_shrublands|emission_co2e_co2_lndu_conversion_agb_pastures_to_other|emission_co2e_co2_lndu_conversion_agb_pastures_to_shrublands|emission_co2e_co2_lndu_conversion_bgb_grasslands_to_other|emission_co2e_co2_lndu_conversion_bgb_grasslands_to_shrublands|emission_co2e_co2_lndu_conversion_bgb_pastures_to_other|emission_co2e_co2_lndu_conversion_bgb_pastures_to_shrublands
4. Total LULUCF,4.F. Total other land,4.F.2. Land converted to other land,4.F.2.d. Wetlands converted to other land,,,co2,4.F.2.d,emission_co2e_co2_lndu_conversion_agb_flooded_to_other|emission_co2e_co2_lndu_conversion_agb_flooded_to_shrublands|emission_co2e_co2_lndu_conversion_agb_wetlands_to_other|emission_co2e_co2_lndu_conversion_agb_wetlands_to_shrublands|emission_co2e_co2_lndu_conversion_bgb_flooded_to_other|emission_co2e_co2_lndu_conversion_bgb_flooded_to_shrublands|emission_co2e_co2_lndu_conversion_bgb_wetlands_to_other|emission_co2e_co2_lndu_conversion_bgb_wetlands_to_shrublands
4. Total LULUCF,4.F. Total other land,4.F.2. Land converted to other land,4.F.2.e. Settlements converted to other land,,,co2,4.F.2.e,emission_co2e_co2_lndu_conversion_agb_settlements_to_other|emission_co2e_co2_lndu_conversion_agb_settlements_to_shrublands|emission_co2e_co2_lndu_conversion_bgb_settlements_to_other|emission_co2e_co2_lndu_conversion_bgb_settlements_to_shrublands
4. Total LULUCF,4.G. Harvested wood products,,,,,co2,4.G,emission_co2e_co2_frst_harvested_wood_products
4. Total LULUCF,4.H. Other,CH4 from Wetlands,,,,ch4,4.H,emission_co2e_ch4_lndu_wetlands
4. Total LULUCF,,,,,,co2,4.H,emission_co2e_co2_soil_soc_mineral_soils
5. Total waste ,5.A. Solid waste disposal,5.A.1. Managed waste disposal sites,,,,ch4,5.A.1,emission_co2e_ch4_waso_landfilled_chemical_industrial|emission_co2e_ch4_waso_landfilled_food|emission_co2e_ch4_waso_landfilled_glass|emission_co2e_ch4_waso_landfilled_metal|emission_co2e_ch4_waso_landfilled_nappies|emission_co2e_ch4_waso_landfilled_other|emission_co2e_ch4_waso_landfilled_paper|emission_co2e_ch4_waso_landfilled_plastic|emission_co2e_ch4_waso_landfilled_rubber_leather|emission_co2e_ch4_waso_landfilled_sludge|emission_co2e_ch4_waso_landfilled_textiles|emission_co2e_ch4_waso_landfilled_wood|emission_co2e_ch4_waso_landfilled_yard
5. Total waste ,5.A. Solid waste disposal,5.A.2. Unmanaged waste disposal sites|5.A.3. Uncategorized waste disposal sites,,,,ch4,5.A.2,emission_co2e_ch4_waso_open_dump_chemical_industrial|emission_co2e_ch4_waso_open_dump_food|emission_co2e_ch4_waso_open_dump_glass|emission_co2e_ch4_waso_open_dump_metal|emission_co2e_ch4_waso_open_dump_nappies|emission_co2e_ch4_waso_open_dump_other|emission_co2e_ch4_waso_open_dump_paper|emission_co2e_ch4_waso_open_dump_plastic|emission_co2e_ch4_waso_open_dump_rubber_leather|emission_co2e_ch4_waso_open_dump_sludge|emission_co2e_ch4_waso_open_dump_textiles|emission_co2e_ch4_waso_open_dump_wood|emission_co2e_ch4_waso_open_dump_yard
5. Total waste ,5.B. Biological treatment of solid waste,5.B.1. Composting,,,,ch4,5.B.1,emission_co2e_ch4_waso_compost_food|emission_co2e_ch4_waso_compost_sludge|emission_co2e_ch4_waso_compost_yard
5. Total waste ,5.B. Biological treatment of solid waste,5.B.1. Composting,,,,n2o,5.B.1,emission_co2e_n2o_waso_compost_food|emission_co2e_n2o_waso_compost_sludge|emission_co2e_n2o_waso_compost_yard
5. Total waste ,5.B. Biological treatment of solid waste,5.B.2. Anaerobic digestion at biogas facilities,,,,ch4,5.B.2,emission_co2e_ch4_waso_biogas_food|emission_co2e_ch4_waso_biogas_sludge|emission_co2e_ch4_waso_biogas_yard
5. Total waste ,5.C. Incineration and open burning of waste,5.C.1. Waste incineration|5.C.2. Open burning of waste,,,,ch4,5.C.1|5.C.2,emission_co2e_ch4_waso_incineration
5. Total waste ,5.C. Incineration and open burning of waste,5.C.1. Waste incineration|5.C.2. Open burning of waste,,,,co2,5.C.1|5.C.2,emission_co2e_co2_waso_incineration
5. Total waste ,5.C. Incineration and open burning of waste,5.C.1. Waste incineration|5.C.2. Open burning of waste,,,,n2o,5.C.1|5.C.2,emission_co2e_n2o_waso_incineration
5. Total waste ,5.D. Wastewater treatment and discharge,,,,,ch4,5.D,emission_co2e_ch4_trww_treated_advanced_aerobic_treatment|emission_co2e_ch4_trww_treated_advanced_anaerobic_treatment|emission_co2e_ch4_trww_treated_latrine_improved_treatment|emission_co2e_ch4_trww_treated_latrine_unimproved_treatment|emission_co2e_ch4_trww_treated_primary_treatment|emission_co2e_ch4_trww_treated_secondary_aerobic_treatment|emission_co2e_ch4_trww_treated_secondary_anaerobic_treatment|emission_co2e_ch4_trww_treated_septic_treatment|emission_co2e_ch4_trww_untreated_no_sewerage_treatment|emission_co2e_ch4_trww_untreated_with_sewerage_treatment
5. Total waste ,5.D. Wastewater treatment and discharge,,,,,n2o,5.D,emission_co2e_n2o_trww_treated_advanced_aerobic_effluent|emission_co2e_n2o_trww_treated_advanced_aerobic_treatment|emission_co2e_n2o_trww_treated_advanced_anaerobic_effluent|emission_co2e_n2o_trww_treated_advanced_anaerobic_treatment|emission_co2e_n2o_trww_treated_latrine_improved_effluent|emission_co2e_n2o_trww_treated_latrine_improved_treatment|emission_co2e_n2o_trww_treated_latrine_unimproved_effluent|emission_co2e_n2o_trww_treated_latrine_unimproved_treatment|emission_co2e_n2o_trww_treated_primary_effluent|emission_co2e_n2o_trww_treated_primary_treatment|emission_co2e_n2o_trww_treated_secondary_aerobic_effluent|emission_co2e_n2o_trww_treated_secondary_aerobic_treatment|emission_co2e_n2o_trww_treated_secondary_anaerobic_effluent|emission_co2e_n2o_trww_treated_secondary_anaerobic_treatment|emission_co2e_n2o_trww_treated_septic_effluent|emission_co2e_n2o_trww_treated_septic_treatment|emission_co2e_n2o_trww_untreated_no_sewerage_effluent|emission_co2e_n2o_trww_untreated_no_sewerage_treatment|emission_co2e_n2o_trww_untreated_with_sewerage_effluent|emission_co2e_n2o_trww_untreated_with_sewerage_treatment