Variable Type,Variable,Subsector Variable Code,Information,Variable Schema,Categories,Reference,Default Value,Default LHS Scalar Minimum at Final Time Period,Default LHS Scalar Maximum at Final Time Period,Simplex Group,Emissions Total by Gas Component,Energy Efficiency Variable by Fuel,Fuel Fraction Variable by Fuel,``$CAT-FUEL$``,IPCC Emissions Sector Codes,IPCC Equation Reference,Notes
Input,SCOE Appliance Energy Demand Scalar,demscalar_elec_energy_demand,Scalar used to modify non-heat energy demands--used to represent efficiency improvements in appliances etc.,``scalar_scoe_appliance_energy_demand_$CAT-SCOE$``,all,,0,0,1,,0,0,0,none,,,1
Input,SCOE Efficiency Factor for Heat Energy from Biomass,efficiency_fact_heat_en_biomass,"Energy efficiency factor for biomass Heat Energy (excluding charcoal). For example, value of 0.6 indicates that 60% of input energy results in output energy at point of use.",``efficfactor_scoe_heat_energy_$CAT-SCOE$_solid_biomass``,all,,0,0,1,,0,1,0,``fuel_biomass``,,,2
Input,SCOE Efficiency Factor for Heat Energy from Charcoal,efficiency_fact_heat_en_charcoal,"Energy efficiency factor for solid biomass Heat Energy. For example, value of 0.6 indicates that 60% of input energy results in output energy at point of use.",``efficfactor_scoe_heat_energy_$CAT-SCOE$_charcoal``,all,,0,0,1,,0,1,0,``fuel_charcoal``,,,2
Input,SCOE Efficiency Factor for Heat Energy from Coal,efficiency_fact_heat_en_coal,"Energy efficiency factor for coal Heat Energy. For example, value of 0.8 indicates that 80% of input energy results in output energy at point of use.",``efficfactor_scoe_heat_energy_$CAT-SCOE$_coal``,all,,0,0,1,,0,1,0,``fuel_coal``,,,2
Input,SCOE Efficiency Factor for Heat Energy from Diesel,efficiency_fact_heat_en_diesel,"Energy efficiency factor for diesel Heat Energy. For example, value of 0.75 indicates that 75% of input energy results in output energy at point of use.",``efficfactor_scoe_heat_energy_$CAT-SCOE$_diesel``,all,,0,0,1,,0,1,0,``fuel_diesel``,,,2
Input,SCOE Efficiency Factor for Heat Energy from Electricity,efficiency_fact_heat_en_electricity,"Energy efficiency factor for electricity Heat Energy. For example, value of 0.99 indicates that 99% of input energy results in output energy at point of use.",``efficfactor_scoe_heat_energy_$CAT-SCOE$_electricity``,all,,0,0,1,,0,1,0,``fuel_electricity``,,,2
Input,SCOE Efficiency Factor for Heat Energy from Gasoline,efficiency_fact_heat_en_gasoline,"Energy efficiency factor for gasoline Heat Energy. For example, value of 0.7 indicates that 70% of input energy results in output energy at point of use.",``efficfactor_scoe_heat_energy_$CAT-SCOE$_gasoline``,all,,0,0,1,,0,1,0,``fuel_gasoline``,,,2
Input,SCOE Efficiency Factor for Heat Energy from Hydrocarbon Gas Liquids,efficiency_fact_heat_en_hgl,"Energy efficiency factor for liquified petroleum gas in Heat Energy. For example, value of 0.8 indicates that 80% of input energy results in output energy at point of use.",``efficfactor_scoe_heat_energy_$CAT-SCOE$_hydrocarbon_gas_liquids``,all,,0,0,1,,0,1,0,``fuel_hydrocarbon_gas_liquids``,,,2
Input,SCOE Efficiency Factor for Heat Energy from Hydrogen,efficiency_fact_heat_en_hydrogen,"Energy efficiency factor for hydrogen Heat Energy. For example, value of 0.8 indicates that 80% of input energy results in output energy at point of use.",``efficfactor_scoe_heat_energy_$CAT-SCOE$_hydrogen``,all,,0,0,1,,0,1,0,``fuel_hydrogen``,,,2
Input,SCOE Efficiency Factor for Heat Energy from Kerosene,efficiency_fact_heat_en_kerosene,"Energy efficiency factor for kerosene Heat Energy. For example, value of 0.75 indicates that 75% of input energy results in output energy at point of use.",``efficfactor_scoe_heat_energy_$CAT-SCOE$_kerosene``,all,,0,0,1,,0,1,0,``fuel_kerosene``,,,2
Input,SCOE Efficiency Factor for Heat Energy from Natural Gas,efficiency_fact_heat_en_natural_gas,"Energy efficiency factor for natural gas Heat Energy. For example, value of 0.8 indicates that 80% of input energy results in output energy at point of use.",``efficfactor_scoe_heat_energy_$CAT-SCOE$_natural_gas``,all,,0,0,1,,0,1,0,``fuel_natural_gas``,,,2
Input,SCOE Elasticity of Per GDP Electrical Applicance Demand to GDP Per Capita,elasticity_mmmgdp_energy_demand_elecappl_to_gdppc,,``elasticity_scoe_enerdem_per_mmmgdp_$CAT-SCOE$_elec_appliances_to_gdppc``,``commercial_municipal``|``other_se``,,0,1,1,,0,0,0,none,,,2
Input,SCOE Elasticity of Per GDP Heat Energy Demand to GDP Per Capita,elasticity_mmmgdp_energy_demand_heat_to_gdppc,,``elasticity_scoe_enerdem_per_mmmgdp_$CAT-SCOE$_heat_energy_to_gdppc``,``commercial_municipal``|``other_se``,,0,1,1,,0,0,0,none,,,2
Input,SCOE Elasticity of Per Household Electrical Applicance Demand to GDP Per Capita,elasticity_hh_energy_demand_elecappl_to_gdppc,,``elasticity_scoe_enerdem_per_hh_$CAT-SCOE$_elec_appliances_to_gdppc``,``residential``,,0,1,1,,0,0,0,none,,,2
Input,SCOE Elasticity of Per Household Heat Energy Demand to GDP Per Capita,elasticity_hh_energy_demand_heat_to_gdppc,,``elasticity_scoe_enerdem_per_hh_$CAT-SCOE$_heat_energy_to_gdppc``,``residential``,,0,1,1,,0,0,0,none,,,2
Input,SCOE Fraction Heat Energy Demand Biomass,frac_heat_en_biomass,Fraction of Heat Energy demand provided by solid biomass.,``frac_scoe_heat_energy_$CAT-SCOE$_solid_biomass``,all,,0,0,1,1,0,0,1,``fuel_biomass``,,,3
Input,SCOE Fraction Heat Energy Demand Charcoal,frac_heat_en_charcoal,Fraction of Heat Energy demand provided by coal,``frac_scoe_heat_energy_$CAT-SCOE$_charcoal``,all,,0,0,1,1,0,0,1,``fuel_charcoal``,,,3
Input,SCOE Fraction Heat Energy Demand Coal,frac_heat_en_coal,Fraction of Heat Energy demand provided by coal,``frac_scoe_heat_energy_$CAT-SCOE$_coal``,all,,0,0,1,1,0,0,1,``fuel_coal``,,,3
Input,SCOE Fraction Heat Energy Demand Diesel,frac_heat_en_diesel,Fraction of Heat Energy demand provided by diesel,``frac_scoe_heat_energy_$CAT-SCOE$_diesel``,all,,0,0,1,1,0,0,1,``fuel_diesel``,,,3
Input,SCOE Fraction Heat Energy Demand Electricity,frac_heat_en_electricity,Fraction of Heat Energy demand provided by electricity,``frac_scoe_heat_energy_$CAT-SCOE$_electricity``,all,,0,0,1,1,0,0,1,``fuel_electricity``,,,3
Input,SCOE Fraction Heat Energy Demand Gasoline,frac_heat_en_gasoline,Fraction of Heat Energy demand provided by gasoline,``frac_scoe_heat_energy_$CAT-SCOE$_gasoline``,all,,0,0,1,1,0,0,1,``fuel_gasoline``,,,3
Input,SCOE Fraction Heat Energy Demand Hydrocarbon Gas Liquids,frac_heat_en_hgl,Fraction of Heat Energy demand provided by Hydrocarbon Gas Liquids.,``frac_scoe_heat_energy_$CAT-SCOE$_hydrocarbon_gas_liquids``,all,,0,0,1,1,0,0,1,``fuel_hydrocarbon_gas_liquids``,,,3
Input,SCOE Fraction Heat Energy Demand Hydrogen,frac_heat_en_hydrogen,Fraction of Heat Energy demand provided by hydrogen,``frac_scoe_heat_energy_$CAT-SCOE$_hydrogen``,all,,0,0,1,1,0,0,1,``fuel_hydrogen``,,,3
Input,SCOE Fraction Heat Energy Demand Kerosene,frac_heat_en_kerosene,Fraction of Heat Energy demand provided by kerosene,``frac_scoe_heat_energy_$CAT-SCOE$_kerosene``,all,,0,0,1,1,0,0,1,``fuel_kerosene``,,,3
Input,SCOE Fraction Heat Energy Demand Natural Gas,frac_heat_en_natural_gas,Fraction of Heat Energy demand provided by natural gas,``frac_scoe_heat_energy_$CAT-SCOE$_natural_gas``,all,,0,0,1,1,0,0,1,``fuel_natural_gas``,,,3
Input,SCOE Heat Energy Demand Scalar,demscalar_heat_energy_demand,Scalar used to modify heat energy demands--used to represent efficiency improvements in energy demands.,``scalar_scoe_heat_energy_demand_$CAT-SCOE$``,all,,0,0,1,,0,0,0,none,,,1
Input,SCOE Initial Per GDP Electric Appliances Energy Consumption,consumpinit_energy_per_mmmgdp_elecappl,,``consumpinit_scoe_$UNIT-ENERGY$_per_mmmgdp_$CAT-SCOE$_elec_appliances`` (``$UNIT-ENERGY$ = tj``),``commercial_municipal``|``other_se``,,0,1,1,,0,0,0,none,,,2
Input,SCOE Initial Per GDP Heat Energy Consumption,consumpinit_energy_per_mmmgdp_heat," | SCOE energy demands that are specified exogenously (no elasticity) for each time period. 
 | 
 | **NOTE:** Demands by fuel type are specified under the *SCOE Fraction Heat Energy Demand $CAT-FUEL$* variables for this variable. Elecitrification can be specified as fraction of heat energy from electricity. ",``consumpinit_scoe_$UNIT-ENERGY$_per_mmmgdp_$CAT-SCOE$_heat_energy`` (``$UNIT-ENERGY$ = tj``),``commercial_municipal``|``other_se``,,0,1,1,,0,0,0,none,,,2
Input,SCOE Initial Per Household Electric Appliances Energy Consumption,consumpinit_energy_per_hh_elecappl,,``consumpinit_scoe_$UNIT-ENERGY$_per_hh_$CAT-SCOE$_elec_appliances`` (``$UNIT-ENERGY$ = gj``),``residential``,,0,1,1,,0,0,0,none,,,2
Input,SCOE Initial Per Household Heat Energy Consumption,consumpinit_energy_per_hh_heat,,``consumpinit_scoe_$UNIT-ENERGY$_per_hh_$CAT-SCOE$_heat_energy`` (``$UNIT-ENERGY$ = gj``),``residential``,,0,1,1,,0,0,0,none,,,2
Output,:math:`\text{CH}_4` Emissions from SCOE,emissions_ch4,,``emission_co2e_$EMISSION-GAS$_scoe_$CAT-SCOE$`` (``$EMISSION-GAS$ = ch4``),all,,0,1,1,,1,0,0,none,,,3
Output,:math:`\text{CO}_2` Biomass Emissions from SCOE,emissions_co2_biomass,,``emission_co2e_$EMISSION-GAS$_scoe_bmass_$CAT-SCOE$`` (``$EMISSION-GAS$ = co2``),all,,0,1,1,,1,0,0,none,,,3
Output,:math:`\text{CO}_2` Non-Biomass Emissions from SCOE,emissions_co2_non_biomass,,``emission_co2e_$EMISSION-GAS$_scoe_nbmass_$CAT-SCOE$`` (``$EMISSION-GAS$ = co2``),all,,0,1,1,,1,0,0,none,,,3
Output,:math:`\text{N}_2\text{O}` Emissions from SCOE,emissions_n2o,,``emission_co2e_$EMISSION-GAS$_scoe_$CAT-SCOE$`` (``$EMISSION-GAS$ = n2o``),all,,0,1,1,,1,0,0,none,,,3
Output,Electrical Energy Consumption from SCOE,energy_consumption_electricity,,``energy_consumption_electricity_scoe_$CAT-SCOE$``,all,,0,1,1,,0,0,0,none,,,2
Output,Energy Consumption from SCOE,energy_consumption_total,,``energy_consumption_scoe_$CAT-SCOE$``,all,,0,1,1,,0,0,0,none,,,2
Output,Heat Energy Demand in SCOE,energy_demand_heat_total,,``energy_demand_scoe_heat_$CAT-SCOE$``,all,,0,1,1,,0,0,0,none,,,2
Output,Total Electrical Energy Consumption from SCOE,energy_consumption_electricity_agg,,``energy_consumption_electricity_scoe_total``,none,,0,1,1,,0,0,0,none,,,2
Output,Total Energy Consumption from SCOE,energy_consumption_total_ag,,``energy_consumption_scoe_total``,none,,0,1,1,,0,0,0,none,,,2